population,responder_mean,responder_std,non_responder_mean,non_responder_std,mean_difference
b_cell,9.797552613770158,3.3225493122890644,9.996319710875161,3.1176530420924182,-0.1987670971050033
cd8_t_cell,24.88193159509671,4.91448122767098,24.94392435752586,4.417266250651491,-0.061992762429149195
cd4_t_cell,30.53780834185009,5.207558326383485,29.90226177625406,4.823864565167454,0.6355465655960302
nk_cell,14.84094427086041,4.13205538451006,15.07316621464659,3.767386057981844,-0.23222194378618077
monocyte,19.941763178422633,4.64225112539138,20.084327940698326,4.010923839606721,-0.14256476227569337
